Sl.No,Name of the station,District/Taluk/Revenue Village,Started on,Latitude,Longitude
1,"Taluk Office, Andimadam",Ariyalur Andimadam ANDIMADAM,2021-01-20,11.3354,79.3741
2,Ariyalur Taluk Office,Ariyalur Ariyalur ARIYALUR (S),2019-11-21,11.14,79.077
3,Kuruvadi,Ariyalur Ariyalur KURUVADI,2022-12-16,10.9728,79.2347
4,THIRUMANUR PWD OFFICE (R.C.DIVISION),Ariyalur Ariyalur THIRUMANUR,2019-11-21,10.9333,79.1
5,"PWD Office, Sendurai",Ariyalur Sendurai SENDHURAI,2019-11-21,11.2539,79.1763
6,Jayankondam taluk office,Ariyalur Udayarpalayam JAYAKONDASOLAPURAM,2019-11-21,11.2167,79.3666
7,Suthamalli dam,Ariyalur Udayarpalayam NADUVALUR(E),2022-12-16,11.041,79.1842
8,T.Palur Panchayat Union 0ffice,Ariyalur Udayarpalayam T. PALUR,2023-11-26,11.2388,79.4788
9,Chengalpattu,Chengalpattu Chengalpattu CHENGALPATTU,2014-01-01,12.6745,79.9774
10,Cheyyur,Chengalpattu Cheyyur CHEYYUR B,2012-01-01,12.3525,79.9995
11,Madurantakam taluk office,Chengalpattu Madhurantakam MADURANTHAKAM-PART I,2003-01-01,12.4991,79.8752
12,"Taluk Office, Tambaram",Chengalpattu Tambaram KADAPERI,2016-10-24,12.935,80.1269
13,Mammallapuram PWD bungalow,Chengalpattu Thirukkalukundram MAMALLAPURAM,1994-01-01,12.616,80.1878
14,"Taluk Office, Thirukalukundram",Chengalpattu Thirukkalukundram THIRUKALUKUNDRAM,2013-10-01,12.6161,80.1888
15,Keelampakkam,Chengalpattu Thirupporur KELAMPAKKAM,1940-01-01,12.7803,80.2294
16,"Taluk Office, Thiruporur",Chengalpattu Thirupporur THIRUPPORUR,2016-09-23,12.7201,80.1862
17,Alandur,Chennai Alandur MEENAMBAKKAM,2019-10-25,12.9975,80.2006
18,Ambathur,Chennai Ambattur Ambattur,2019-10-25,13.1095,80.149
19,Ayanavaram taluk office,Chennai Ayanavaram Ayanavaram (Part 1),2019-10-25,13.0883,80.2318
20,Chennai nungambakkam,Chennai Egmore Nungambakkam,2019-10-25,13.0667,80.25
21,Anna university,Chennai Guindy Kottur,2019-10-25,13.0092,80.2342
22,Gov hr sec school MGR Nagar,Chennai Mambalam Saligramam,2019-10-25,13.0331,80.2027
23,DGP Office,Chennai Mylapore Mylapore (Part 1),2019-10-25,13.05,80.2333
24,Perambur Corporation park,Chennai Perambur Perambur (Part 3),2019-10-25,13.0965,80.2922
25,Chennai collectorate building,Chennai Pursawalkam V.O.C Nagar,2019-10-25,13.1282,80.2916
26,Sholinganallur,Chennai Sholinganallur CHOZHINGANALLUR-2,2019-10-25,12.8773,80.2277
27,CD Hospital Tondiarpet,Chennai Tondiarpet Tondiarpet (Part 2),2019-10-25,13.1093,80.2427
28,Aliyar,Coimbatore Anaimalai ANAIMALAI.,2000-04-10,11.0168,76.9558
29,"Taluk Office, Anaimalai",Coimbatore Anaimalai ANAIMALAI.,2022-11-07,10.582,76.934
30,Annur,Coimbatore Annur ANNUR METTUPALAYAM.,2001-07-10,11.2337,77.1029
31,Airport Peelamedu,Coimbatore Coimbatore north KALAPATTY (EAST),1995-05-16,11.0748,77.0035
32,Periyanaickenpalayam,Coimbatore Coimbatore north PERIYANAIKANPALAYAM.,1992-11-21,11.1582,76.9528
33,T.N.A.U,Coimbatore Coimbatore north THELUNGUPALAYAM.,1989-03-05,11.0124,76.9357
34,Coimbatore South,Coimbatore Coimbatore south COIMBATORE OLD VILL. AND OL,2004-04-15,11.0009,76.9709
35,"Taluk Office, Kinathukkadavu",Coimbatore Kinathukadavu KINTHUKADAVU.,2022-11-07,10.822,77.016
36,"Railway Station, Podanur",Coimbatore Madukarai KURICHY.,2022-11-07,11.011,77.038
37,"Taluk Office, Madukkarai",Coimbatore Madukarai MADUKARAI.,2022-11-07,10.89,76.908
38,"Pillur Dam, Mettupalayam .",Coimbatore Mettupalayam NELLITHURAI.,2022-11-07,11.018,76.974
39,Mettupalayam,Coimbatore Mettupalayam SIKKADASAMPALAYAM,1990-05-16,11.2891,76.941
40,Siruvani Adivaram (Water Treatment Plant),Coimbatore Perur MADAVARAYAPURAM.,2022-11-07,10.963,76.681
41,"BDO, Thondamuthur",Coimbatore Perur THONDAMUTHUR.,2022-11-07,10.987,76.844
42,"PWD IB, (Inspection Bungalow), Makkinampatti.",Coimbatore Pollachi MAKKINAMPATTY,2022-11-07,10.656,77.032
43,"Taluk Office, Pollachi",Coimbatore Pollachi POLLACHI.,1988-04-13,10.6604,77.0073
44,Sulur,Coimbatore Sulur SULUR.,1990-07-10,11.0299,77.1227
45,"PWD office, Vaarappatti",Coimbatore Sulur VARAPATTY.,2022-11-07,10.869,77.191
46,Chinnakalar,Coimbatore Valparai ANAMALAI KUNDRUGAL.,1976-11-15,10.3374,76.9641
47,Cincona,Coimbatore Valparai ANAMALAI KUNDRUGAL.,1988-10-19,10.2877,76.9915
48,Sholayar,Coimbatore Valparai ANAMALAI KUNDRUGAL.,1976-10-18,10.2993,76.8814
49,"Taluk Office, Valparai",Coimbatore Valparai ANAMALAI KUNDRUGAL.,1976-02-14,10.3243,76.954
50,Valparai PAP,Coimbatore Valparai ANAMALAI KUNDRUGAL.,1976-09-14,10.3321,76.9609
51,Bhuvanagiri,Cuddalore Bhuvanagiri Mel Bhuvanagiri,1984-09-08,11.4418,79.6448
52,Parangipettai,Cuddalore Bhuvanagiri Parangipettai,1967-03-16,11.5,79.7666
53,Sethiyathope,Cuddalore Bhuvanagiri Sethiayathoppu,1999-10-23,11.434,79.5405
54,Chidambaram,Cuddalore Chidambaram Chidambaram (Municipal),2017-03-01,11.4004,79.6882
55,Annamalai Nagar,Cuddalore Chidambaram Thiruvakulam,1987-08-25,11.3893,79.7158
56,Indian Metrology Department,Cuddalore Cuddalore Manjakuppam,1894-06-01,11.7746,79.7674
57,Collectorate,Cuddalore Cuddalore Velisemmandalam,2017-09-18,11.7727,79.7561
58,Lalpet,Cuddalore Kattumannarkoil Lalpettai,1975-10-01,11.2984,79.5488
59,Kattumannarkoil,Cuddalore Kattumannarkoil Udaiyargudi,1910-07-05,11.2758,79.5511
60,Kothavacherry,Cuddalore Kurinjipadi Kothavachery,1905-10-05,11.5205,79.6352
61,Kurinjipadi,Cuddalore Kurinjipadi Rasakuppam,2017-09-25,11.5577,79.5693
62,Vadakuthu,Cuddalore Kurinjipadi Vadakuthu,2017-10-01,11.6063,79.5494
63,SRC Kudithangi,Cuddalore Panruti Kudithangi,2004-08-20,11.7779,79.6683
64,Vanamadevi,Cuddalore Panruti Palur,1957-07-02,11.7471,79.6363
65,Panruti,Cuddalore Panruti Panruti,1984-05-09,11.7628,79.5521
66,Srimushnam,Cuddalore Srimushanam Srimushnam,1980-02-17,11.4019,79.4011
67,Kilacheruvai,Cuddalore Titagudi Keezh cheruvaai,1980-02-01,11.414,79.098
68,Lakkur,Cuddalore Titagudi Lakkur,1972-12-05,11.4663,79.0186
69,Pelandurai,Cuddalore Titagudi Pelanthurai,1913-05-10,11.2763,79.5084
70,Tozhudur,Cuddalore Titagudi Ramanatham,1980-02-01,11.4062,79.0025
71,Kattumayilur,Cuddalore Veppur Kattumailur,1974-07-04,11.5814,79.1125
72,Me.Mathur,Cuddalore Veppur Me.Mathur,1868-07-01,11.5617,79.223
73,Veppur,Cuddalore Veppur Veppur,1990-07-01,11.5323,79.1239
74,Kuppanatham,Cuddalore Vridhachalam Kuppanatham,2001-04-03,11.5358,79.3545
75,Vridhachalam,Cuddalore Vridhachalam Vridhachalam,1978-06-01,11.5179,79.3347
76,Dharmapuri,Dharmapuri Dharmapuri VELLAIKKAVUNDANPALAIYAM,2012-11-01,12.1273,78.1629
77,Harur,Dharmapuri Harur HARUR,2012-11-01,12.058,78.4793
78,Subramania siva co.op sugar mill,Dharmapuri Harur VETRAPATTI,2023-08-02,12.125,78.3929
79,Palacode co.op.sugar mill,Dharmapuri Nallampalli ADAMANKOTTAI,2023-08-02,12.064,78.1158
80,Marandahalli TB,Dharmapuri Palacode MARANDAHALLI,2012-11-01,12.3855,78.0021
81,Palacode,Dharmapuri Palacode PALAKODU,2012-11-01,12.2988,78.0739
82,"Taluk office, Pappireddipatti",Dharmapuri Pappireddipatti PAPPIREDDIPATTY,2012-11-01,11.9206,78.3655
83,Hogenakkal Forest tb,Dharmapuri Pennagaram Koothapadi,2012-11-01,12.1185,77.7817
84,Pennagaram,Dharmapuri Pennagaram Pennagaram,2012-11-01,12.1344,77.8937
85,Dindigul,Dindigul Dindigul west Chettinaickenpatty,1971-01-01,10.35,77.9667
86,Kamatchipuram,Dindigul Dindigul west Kamatchipuram,1973-01-01,10.4272,77.834
87,Kodaikanal,Dindigul Kodaikanal Kodaikanal,1899-01-01,10.2333,77.4667
88,Kodaikanal boat club,Dindigul Kodaikanal Kodaikanal,1890-01-01,10.2338,77.4864
89,Natham,Dindigul Natham Natham,1972-01-01,10.2302,78.2227
90,Nilakottai,Dindigul Nilakottai Nilakottai,1976-01-01,10.1667,77.8522
91,Chatrapatti (Ottanchatram),Dindigul Oddenchatram Chatrapatty,1894-01-01,10.4686,77.6525
92,Palani,Dindigul Palani Palani,1971-01-01,10.4522,77.5167
93,TOBACCO STATION(VDR),Dindigul Vedasandur Vedasandur,1962-01-01,10.5302,77.9531
94,VEDASANDUR,Dindigul Vedasandur Vedasandur,1971-01-01,10.5167,77.9522
95,Ammapettai,Erode Anthiyur AMMAPETTAI,2022-11-07,11.37,77.44
96,Varattupallam,Erode Anthiyur BARGUR,2022-11-07,11.4,77.34
97,Bhavani,Erode Bhavani BHAVANI,1890-05-01,11.449,77.6839
98,Kavundapadi,Erode Bhavani KAVINDAPADI,2022-11-07,11.4248,77.3818
99,Erode,Erode Erode ERODE (B),1890-01-01,11.35,77.7167
100,Elanthakuttai Medu,Erode Gobichettipalayam KALINGIYAM (B),2022-11-07,11.4239,77.43
101,Kunderipallam,Erode Gobichettipalayam KONKARA PALAYAM (B),2022-11-07,11.5628,77.3685
102,Kodivery,Erode Gobichettipalayam PERIYAKODIVERI,2022-11-07,11.4729,77.2987
103,Gobichettipalayam,Erode Gobichettipalayam VEERAPANDI,1923-11-08,11.4667,77.4333
104,Kodumudi,Erode Kodumudi KODUMUDI (B),1976-11-01,11.0833,77.8667
105,Modakkurichi,Erode Modakkurichi ELUMATHUR,2022-11-07,11.2125,77.7757
106,Nambiyur,Erode Nambiyur NAMBIYUR,2022-11-07,11.3678,77.3232
107,Chennimalai,Erode Perundurai CHENNIMALAI,2022-11-07,11.1588,77.6032
108,Perundurai,Erode Perundurai PERUNDURAI,1889-11-01,11.2833,77.5833
109,Bhavanisagar,Erode Sathyamangalam MUDUKKANTHURAI,1954-03-02,11.4733,77.1303
110,Sathyamangalam,Erode Sathyamangalam SATHYAMANGALAM,1975-03-02,11.5,77.25
111,Thalavadi,Erode Thalavadi THALAVADI,1961-03-02,11.8041,77.0081
112,Gomugi Dam (PWD),Kallakurichi Chinnaselam KACHIRAYAPALAIYAM,2022-11-07,11.7654,78.8213
113,KCS MILL-2 Kachirayopalayam,Kallakurichi Chinnaselam KACHIRAYAPALAIYAM,2018-10-18,11.7453,78.8766
114,Kallakurichi,Kallakurichi Kallakurichi KALLAKURICHI,2011-01-01,11.7333,78.9333
115,DSCL Thiyadurugam,Kallakurichi Kallakurichi THIYAGAI,2017-10-18,11.7446,79.0744
116,DSCL Virugavoor,Kallakurichi Kallakurichi VIRUGAVOOR,2018-10-18,11.6861,79.0473
117,Sankarapuram,Kallakurichi Sankarapuram VADASIRUVALLUR,2011-01-01,11.8833,78.9167
118,DSCL Madampoondi,Kallakurichi Tirukkoilur MADAMPOONIDI,2018-10-18,11.9526,79.0952
119,TIRUKOILUR,Kallakurichi Tirukkoilur THIRUKOILUR (NORTH),2011-01-01,11.9667,79.2167
120,DSCL Thirupalapandal,Kallakurichi Tirukkoilur THIRUPALAPANTHAL,2018-10-18,11.9465,79.1329
121,BASL Vengur,Kallakurichi Tirukkoilur VENGUR,2018-10-18,11.8927,79.1857
122,SCS MILL Pillayarkuppam,Kallakurichi Ulundurpet AATHUR,2018-10-18,11.7917,79.3137
123,DSCL Eraiyur,Kallakurichi Ulundurpet ERAIYUR,2018-10-18,11.785,79.197
124,ULUNDURPET,Kallakurichi Ulundurpet U.KEERANUR,2011-01-01,11.6774,79.2885
125,KCS MILL-1 Ariyalur,Kallakurichi Vanapuram ARIYALUR,2018-10-18,11.9281,79.0069
126,KCS MILL-1 Kadavanur,Kallakurichi Vanapuram KADUVANUR,2017-10-18,11.9399,78.9526
127,DSCL Kalayanallur,Kallakurichi Vanapuram KALAIYANALLUR,2018-10-18,11.7726,79.0594
128,DSCL Keezhpadi,Kallakurichi Vanapuram KEEZHPADI,2018-10-18,11.8668,79.0766
129,BASL Manalurpet,Kallakurichi Vanapuram MANALURPETTAI,2018-10-18,12.0124,79.0927
130,KCS MILL-2 Moorarpalayam,Kallakurichi Vanapuram MAROOR,2018-10-18,11.8252,78.9456
131,KCS MILL-1 Moongilthuraipattu,Kallakurichi Vanapuram MUNGILDURAIPATTU,2018-10-18,12.0217,78.9881
132,DSCL Rishivandiyam,Kallakurichi Vanapuram RISHIVANTHIYAM,2018-10-18,11.8145,79.0971
133,DSCL Sulangurichi,Kallakurichi Vanapuram SOOLANGKURICHI,2018-10-18,11.804,79.0136
134,Manimutharu Dam (PWD),Kallakurichi Vanapuram SOOLANGKURICHI,2022-11-07,11.8145,78.9984
135,Ariyalur camp area,Kallakurichi Vanapuram VANAPURAM,2022-11-07,11.9272,79.011
136,Kancheepuram taluk office,Kancheepuram Kancheepuram KANCHEEPURAM,1994-01-01,12.8335,79.7021
137,"Taluk Office, Kundrathur",Kancheepuram Kundrathur KOLLACHERI,2022-11-07,13.003,80.0991
138,Chembarampakkam,Kancheepuram Kundrathur KUNRATHUR - A,1990-01-01,13.0042,80.0338
139,Sriperumbadur,Kancheepuram Sriperumbudur SRIPERUMBUDUR A,2007-01-01,12.9673,79.9467
140,UTHIRAMERUR,Kancheepuram Uthiramerur UTTHIRAMERUR,2009-01-01,12.6153,79.7561
141,Walajabad,Kancheepuram Walajabad WALAJABAD,2017-01-01,12.794,79.8169
142,Kannimar,Kanniyakumari Agastheeswaram KANNIYAKUMARI,2000-01-01,8.08399,77.547
143,Kottaram,Kanniyakumari Agastheeswaram KOTTARAM EAST,2000-01-01,8.11668,77.5255
144,Mylaudy,Kanniyakumari Agastheeswaram MYLAADY,2000-01-01,8.15,77.5
145,Nagercoil,Kanniyakumari Agastheeswaram NAGERCOIL SOUTH TOWN,1998-01-01,8.16667,77.45
146,Colachel,Kanniyakumari Kalkulam COLACHEL A,2000-01-01,8.17412,77.2501
147,Eraniel,Kanniyakumari Kalkulam ERANIEL,2000-01-01,8.2,77.3167
148,Thuckalay,Kanniyakumari Kalkulam KALKULAM,2000-01-01,8.24137,77.3191
149,Adayamadai,Kanniyakumari Kalkulam KUMARAPURAM,2022-11-07,8.30916,77.3136
150,Kurunthancode,Kanniyakumari Kalkulam KURUNTHANCODE A,2022-11-07,8.17812,77.3368
151,Kozhiporvilai,Kanniyakumari Kalkulam MULAGUMOODU,2022-11-07,8.24843,77.2886
152,Mambzhathuraiyaru,Kanniyakumari Kalkulam VILLUKKURI A,2022-11-07,8.2328,77.3785
153,Mullanginavilai,Kanniyakumari Killiyoor MULLANKINAVILAI,2022-11-07,8.26345,77.2355
154,Suralacode,Kanniyakumari Thiruvattar CHURULACODE,2000-01-01,8.3357,77.3796
155,Pechiparai,Kanniyakumari Thiruvattar PECHIPARAI,2000-02-01,8.43333,77.3167
156,Perunchani,Kanniyakumari Thiruvattar PERUNCHANI,1997-01-01,8.40028,77.4092
157,Anaikedanku,Kanniyakumari Thiruvattar PONMANAI A,2022-11-07,8.31241,77.2845
158,Thirparappu,Kanniyakumari Thiruvattar THIRPARAPPU,2022-11-07,8.3911,77.2594
159,Puthan dam,Kanniyakumari Thiruvattar THIRUVATTAR,2000-01-01,8.35779,77.3501
160,Aralvaimozhi,Kanniyakumari Thovalai ARALVOIMOZHY SOUTH,2022-11-07,8.1531,77.314
161,Bhoothapandy,Kanniyakumari Thovalai BOOTHAPANDY,1998-01-01,8.26667,77.4333
162,Mukkadal dam,Kanniyakumari Thovalai CHIRAMADAM,2022-11-07,8.28124,77.4142
163,Balamore,Kanniyakumari Thovalai THADIKARANKONAM,2022-11-07,8.2,77.23
164,Chittar I,Kanniyakumari Vilavancode ARUMANAI,1998-01-01,8.33711,77.2459
165,Sivalogam (Chittar II),Kanniyakumari Vilavancode ARUMANAI,2000-01-01,8.44859,77.2756
166,Kalial,Kanniyakumari Vilavancode KALIYAL,2000-01-01,8.46432,77.2441
167,Kuzhithurai,Kanniyakumari Vilavancode KUZHITHURAI TOWN,2000-01-01,8.31819,77.2062
168,Aravakurichi,Karur Aravakurichi ARAVAKURICHI,2000-07-01,10.7727,77.91
169,Anaippalayam,Karur Aravakurichi P.ANAIPALAYAM,1988-07-01,10.8597,77.9049
170,Kadavur,Karur Kadavur D.EDAYAPATTI(W),1930-07-01,10.5949,78.1915
171,Mylampatti,Karur Kadavur KEELAPAGUTHI,2004-07-01,10.7316,78.2453
172,Palaviduthi,Karur Kadavur PALAVIDUTHI,1976-07-01,10.6471,78.2323
173,Karur,Karur Karur L.N.SAMUDRAM,1977-07-01,10.9591,78.0784
174,Krishnarayapuram,Karur Krishnarayapuram KRISHNARAYAPURAM(N),1998-07-01,10.9579,78.2639
175,Mayanoor,Karur Krishnarayapuram MAYANOOR,1943-07-01,10.9563,78.2393
176,Panjapatti,Karur Krishnarayapuram PANCHAPATTI,2002-07-01,10.8298,78.3006
177,Kulithalai,Karur Kulithalai KULITHALAI,1889-07-01,10.9406,78.4209
178,Thogamalai,Karur Kulithalai THOGAMALAI,1987-07-01,10.726,78.4099
179,K.Paramathi,Karur Pugalur K.PARAMATHI,1971-07-01,10.9621,77.9059
180,Anchetty police station,Krishnagiri Anchetty ANCHETTY,2018-12-12,12.3507,77.7294
181,Denkanikotai,Krishnagiri Denkanikottai DENKANIKOTTA,2019-12-10,12.521,77.7912
182,Rayakottai,Krishnagiri Denkanikottai RAYAKOTTAH,2019-12-10,12.5118,78.0376
183,Thally,Krishnagiri Denkanikottai THALLI,2019-12-10,12.5841,77.6538
184,Kelavarapalli Dam,Krishnagiri Hosur AVALAPALLI,2022-11-07,12.767,77.8736
185,"Taluk Office, Hosur",Krishnagiri Hosur HOSUR,2019-12-01,12.7271,77.8276
186,"Taluk Office, Krishnagiri",Krishnagiri Krishnagiri BOGANAPALLI,2019-12-10,12.5254,78.2184
187,Nedungal,Krishnagiri Krishnagiri MARICHETTYHALLI - 2,2019-12-10,12.3424,78.221
188,KRP dam,Krishnagiri Krishnagiri PERIYAMUTHUR,2022-11-07,12.4731,78.1952
189,Barur,Krishnagiri Pochampalli BARUR,2019-12-10,12.3049,78.3066
190,Penukondapuram,Krishnagiri Pochampalli GENDIGAMPATTI,2019-12-10,12.3638,78.4227
191,Jambukuttapatti,Krishnagiri Pochampalli JAMBUKUTTAPPATTI,2019-12-10,12.32,78.36
192,Chinnar Dam,Krishnagiri Shoolagiri MARANDAPALLI,2022-11-07,12.6695,78.0422
193,BDO Shoolagiri,Krishnagiri Shoolagiri SHOOLAGIRI,2019-12-10,12.6624,78.012
194,Pambar Dam,Krishnagiri Uthangarai KOLLANUR,2022-11-07,12.2633,78.5634
195,Taluk Office Uthangarai,Krishnagiri Uthangarai UTTANGARAI,2019-12-10,12.2644,78.5333
196,Kallikudi,Madurai Kalligudi Kalligudi Bit 1,2019-11-21,9.69293,77.9724
197,Idayapatti,Madurai Madurai east Idayapatti,2019-11-21,9.94051,78.2765
198,Kallandri,Madurai Madurai east Kallandiri Bit 1,2019-11-21,10.039,78.2001
199,Chittampatti,Madurai Madurai east Thamaraipatti Bit 1,2019-11-21,9.98534,78.2391
200,Madurai north,Madurai Madurai north North Madurai,2019-11-21,9.93333,78.1167
201,Periyapatti,Madurai Madurai north Periyapatti,2022-11-07,10.0311,78.1586
202,TALLAKULAM,Madurai Madurai north Tallakulam,2019-11-21,9.9333,78.1322
203,Madurai airport,Madurai Madurai south Avaniyapuram,2019-11-21,9.8382,78.0895
204,VIRAGANUR,Madurai Madurai south Virathanur,2019-11-21,9.90121,78.1608
205,Melur,Madurai Melur Melur Town,2019-11-21,10.0313,78.3382
206,THANIAMANGALAM,Madurai Melur Thaniyamangalam,2019-11-21,9.99551,78.3909
207,Pulipatti,Madurai Melur Vellalur,2019-11-21,10.0856,78.2907
208,Elumalai,Madurai Peraiyur Elumalai,2022-11-07,9.85954,77.6968
209,Peraiyur,Madurai Peraiyur Peraiyur Bit 1,2019-11-21,9.73833,77.7899
210,TIRUMANGALAM,Madurai Tirumangalam Thirumangalam,2019-11-21,9.83186,77.9861
211,Kuppanampatti,Madurai Usilampatti Sinthupatti,2019-11-21,9.9494,77.8464
212,USILAMPATTI,Madurai Usilampatti Usilampatti,2019-11-21,9.96592,77.7864
213,Sathiar,Madurai Vadipatti Konappatti,2019-11-21,10.1127,78.0787
214,Sholavandan,Madurai Vadipatti Sholavandan,2019-11-21,10.0225,77.9631
215,Taluk Office ANDIPATTI,Madurai Vadipatti T.Andipatti,2019-11-21,10.0622,77.9846
216,VADIPATTI,Madurai Vadipatti Thathampatti,2019-11-21,10.0711,77.9769
217,Mettupatti,Madurai Vadipatti Vavida Maruthur,2019-11-21,10.1118,78.0449
218,Manalmedu,Mayiladuthurai Mayiladuthurai Manalmedu,1991-06-01,11.2005,79.6014
219,Mayiladuthurai,Mayiladuthurai Mayiladuthurai Mayiladuthurai,1991-06-01,11.0975,79.6488
220,Sirkali,Mayiladuthurai Sirkazhi Sirkali,1991-06-01,11.2466,79.7384
221,Anaikaranchatram (Kollidam),Mayiladuthurai Sirkazhi Thirumailadi,1991-06-01,11.3292,79.7207
222,Tharangambadi,Mayiladuthurai Tharangambadi Erukkattencheri,1991-06-01,11.0252,79.8404
223,Sembanarkoil (PWD),Mayiladuthurai Tharangambadi Melaiyur,2022-11-07,11.1125,79.7395
224,Thirupoondi,Nagapattinam Kilvelur Thirupoondi west,1991-06-01,10.6231,79.8125
225,Velankanni,Nagapattinam Kilvelur Veilankanni,2021-12-20,10.6841,79.8394
226,Nagapattinam,Nagapattinam Nagapattinam Nagapattinam village,1989-08-01,10.7667,79.85
227,Thirukuvalai,Nagapattinam Thirukkuvalai Thirukuvalai,2021-11-20,10.631,79.7173
228,Kodiayakarai,Nagapattinam Vedaranyam Kodiayakarai,2021-11-20,10.2866,79.8229
229,Thalanayar,Nagapattinam Vedaranyam Thalanayar 1 st sethi,1991-06-01,10.5477,79.7654
230,Vedaranyam,Nagapattinam Vedaranyam Vedaranyam Part - 1,1991-06-01,10.3667,79.85
231,"PWD Office, Kumarapalayam",Namakkal Kumarapalayam Kumarapalayam Amani,1995-01-01,11.4401,77.6887
232,Mohanur,Namakkal Mohanur Mohanur,1980-01-01,11.0605,78.1379
233,Namakkal,Namakkal Namakkal Namakkal,1986-01-01,11.2132,78.1654
234,Puduchatram,Namakkal Namakkal Navani,2004-01-01,11.4026,78.1782
235,NKL Collecterate,Namakkal Namakkal Thummankurichi,2018-02-09,11.2493,78.1283
236,Paramathi velur,Namakkal Paramathi velur PARAMATHI,2000-01-01,11.0865,78.0044
237,Mangalapuram,Namakkal Rasipuram Mangalapuram,1995-01-01,11.5648,78.3762
238,Rasipuram,Namakkal Rasipuram Rasipuram,1987-01-01,11.4577,78.1944
239,Erumapatti,Namakkal Sendamangalam Erumapatti,1994-01-01,11.1528,78.2929
240,Sendamangalam,Namakkal Sendamangalam Sendamangalam,1996-01-01,11.2656,78.234
241,Tiruchengode,Namakkal Tiruchengode Tiruchengode,1999-01-01,11.3833,77.9
242,Chettikulam,Perambalur Alathur CHETTIKULAM,1999-01-01,11.1328,78.7735
243,Padalur,Perambalur Alathur PADALUR(W),1999-01-01,11.0917,78.8241
244,Agaram seegoor,Perambalur Kunnam AGARAMSEGOOR,2018-10-12,11.3925,79.0349
245,Labbaikudikadu,Perambalur Kunnam KELAPULIYUR(N),2018-10-12,11.3951,79.119
246,Puthu vettakudi,Perambalur Kunnam PUDUVETTAKUDI,2018-10-12,11.2618,79.0887
247,Perambalur,Perambalur Perambalur PERAMBALUR(N),1999-01-01,11.2333,78.8667
248,Eraiyur,Perambalur Veppanthattai ERAIYUR,2018-10-12,11.3574,78.9747
249,THALUTHALAI,Perambalur Veppanthattai THALUTHALAI,1999-01-01,11.3747,78.7463
250,V.KALATHUR,Perambalur Veppanthattai V.KALATHUR,2018-10-12,11.4042,78.9276
251,Krishnapuram,Perambalur Veppanthattai VENGALAM(E),2018-10-12,11.3767,78.7915
252,VEPPANTHATTAI,Perambalur Veppanthattai VEPPANTHATTAI (S),1999-01-01,11.3389,78.8234
253,Alangudi,Pudukkottai Alangudi ALANGADU,1974-01-14,10.3644,78.9808
254,Aranthangi,Pudukkottai Aranthangi ARANTHANGI,1973-07-04,10.1723,78.9982
255,Ayinkudi,Pudukkottai Aranthangi AYINKUDI,1973-07-04,10.2202,79.0963
256,Nagudi,Pudukkottai Aranthangi NAGUDI,1973-07-04,10.1515,79.1099
257,Avudaiyarkovil,Pudukkottai Avudaiyarkoil AVUDAIYARKOIL,1973-07-04,10.0811,79.0404
258,Meemisal,Pudukkottai Avudaiyarkoil MEMISAL SATHIRAMPPATTINAM,1973-07-04,9.92174,79.1415
259,Gandarvakottai,Pudukkottai Gandarvakottai KOVILUR,1974-01-14,10.5705,79.0058
260,Annavasal,Pudukkottai Illupur ANNAVASAL,1974-07-04,10.462,78.702
261,Illupur,Pudukkottai Illupur ILUPPUR,1974-07-04,10.5157,78.6169
262,Kudimiyanmalai,Pudukkottai Illupur KUDUMIYANMALAI,1973-07-04,10.418,78.658
263,Karambakudi,Pudukkottai Karambakudi KARAMBAKKUDI,1974-01-14,10.3948,79.0299
264,Malaiyur,Pudukkottai Karambakudi MALAIYUR,1974-01-14,10.4311,79.0235
265,Keeranur,Pudukkottai Kulathur KEERANUR,1973-07-04,10.5724,78.7893
266,UDAYALIPATTI,Pudukkottai Kulathur UDAIYALIPATTI,1973-07-04,10.584,78.8954
267,Manamelkudi,Pudukkottai Manamelkudi MANAMELKUDI,1973-07-04,10.0385,79.2323
268,Karaiyur,Pudukkottai Ponnamaravathi KARAIYUR,1974-01-14,10.37,78.6037
269,Ponnamaravathi,Pudukkottai Ponnamaravathi PONNAMARAVATHI WEST,1974-01-14,10.2715,78.5372
270,Perungalur,Pudukkottai Pudukkottai PERUNGALUR,1974-01-14,10.4875,78.9345
271,Adanakottai,Pudukkottai Pudukkottai PUDUKKOTTAI - NORTH,1974-01-14,10.5194,78.9564
272,Pudukkottai,Pudukkottai Pudukkottai PUDUKKOTTAI - NORTH,1974-01-14,10.3797,78.8208
273,Arimalam,Pudukkottai Thirumayam ARIMALAM,1974-01-14,10.2647,78.8841
274,Kilanilai,Pudukkottai Thirumayam KAIKULANVAYAL,1974-01-14,10.1746,78.9109
275,THIRUMAYAM,Pudukkottai Thirumayam THIRUMAYAM,1974-01-14,10.2438,78.746
276,VIRALIMALAI,Pudukkottai Viralimalai VIRALIMALAI,1973-07-04,10.6088,78.8966
277,Kadaladi,Ramanathapuram Kadaladi KADALADI,0000-00-00,9.2294,78.49
278,Vallinokam,Ramanathapuram Kadaladi VALINOKKAM,0000-00-00,9.1824,78.6289
279,Kamuthi,Ramanathapuram Kamuthi KAMUTHI,0000-00-00,9.41382,78.3763
280,Pallamorkulam,Ramanathapuram Keelakarai KANJIRANGUDI,0000-00-00,9.2656,78.8063
281,Mudukulathur,Ramanathapuram Mudukulathur KILA MUDUKULATHUR,0000-00-00,9.35,78.5166
282,Paramakudi,Ramanathapuram Paramakudi KATTUPARAMAKUDI,0000-00-00,9.542,78.5957
283,R.S.Mangalam,Ramanathapuram Rajasingamangalam RAJASINGAMANGALAM,0000-00-00,9.635,78.8494
284,Mandapam,Ramanathapuram Ramanathapuram MANDAPAM,0000-00-00,9.2741,79.119
285,Ramanathapuram,Ramanathapuram Ramanathapuram RAJASURIAMADAI,1976-11-12,9.36368,78.8308
286,pamban,Ramanathapuram Rameswaram PAMBAN,0000-00-00,9.28169,79.2089
287,Thangachimadam,Ramanathapuram Rameswaram PAMBAN,0000-00-00,9.2833,79.2375
288,Rameswaram,Ramanathapuram Rameswaram RAMESWARAM,0000-00-00,9.28653,79.2974
289,Thondi,Ramanathapuram Thiruvadani THONDI,1959-06-15,9.74619,78.9561
290,Tiruvadani,Ramanathapuram Thiruvadani TIRUVADANAI,0000-00-00,9.78186,78.9188
291,Theerthandathanam,Ramanathapuram Thiruvadani VATTANAM,0000-00-00,9.83448,79.0653
292,Vattanam,Ramanathapuram Thiruvadani VATTANAM,1959-06-15,9.82983,79.0661
293,Arakkonam,Ranipet Arakkonam Arakkonam,1980-01-01,13.0917,79.6597
294,Minnal,Ranipet Arakkonam Minnal,2022-11-07,13.0751,79.5558
295,Arcot,Ranipet Arcot Arcot,2001-01-01,12.9028,79.3372
296,Kalavai PWD,Ranipet Kalavai Kalavai,2020-07-15,12.773,79.4168
297,Kaveripakkam,Ranipet Nemili Kaveripakkam,1962-07-01,12.9051,79.4656
298,Panapakkam,Ranipet Nemili Panappakkam,2022-11-07,12.9258,79.5666
299,Sholingur,Ranipet Sholingur Sholinghur,1980-01-01,13.1118,79.4309
300,Ammoor (Walajah Railway Station),Ranipet Walajah Ammoor,2021-07-13,12.9707,79.36
301,Palar Anicut,Ranipet Walajah Wallajah,2022-11-07,12.8838,79.3773
302,Ranipet,Ranipet Walajah Wallajah,2022-11-07,12.9279,79.3275
303,Wallajah,Ranipet Walajah Wallajah,1980-01-01,12.9271,79.3669
304,Attur,Salem Attur ATTUR,1974-10-21,11.6,78.616
305,Edapadi,Salem Edappady IDAPPADI,1990-05-10,11.583,77.8347
306,Gangavalli,Salem Ganagavalli GANGAVALLI,2014-09-06,11.496,78.6476
307,Thammampatti,Salem Ganagavalli TAMMAMPATTI,2008-12-28,11.45,78.5
308,Danishpet,Salem Kadayampatti DANISHPET,1993-10-18,11.8585,78.137
309,Mettur,Salem Mettur NAVAPPATTI,1934-06-12,11.783,77.8
310,Omalur,Salem Omalur OMALUR,1989-03-01,11.75,78.05
311,TNAU CRI Yethapur,Salem Pethanaickenpalayam ETTAPUR,2001-10-31,11.652,78.468
312,Kariyakovil Dam,Salem Pethanaickenpalayam KARIYAKOVILVALAVU,1993-05-01,11.775,78.569
313,Salem,Salem Salem SALEM TOWN,1889-11-01,11.65,78.166
314,sankaridurg,Salem Sankari SANKAGIRI,1995-08-20,11.466,77.866
315,Thalaivasal,Salem Thalaivasal NATHAKKARAI,2022-11-07,11.5984,78.7732
316,Veeraganoor,Salem Thalaivasal VIRAGANUR,2014-09-06,11.4762,78.7386
317,Anaimaduvu Dam,Salem Valapady PULUDIKKUTTAI,1984-01-01,11.773,78.4267
318,Valappady,Salem Valapady SARKAR VALAPADI,2008-01-01,11.666,78.4
319,Yercaud,Salem Yercaud YERCADU,1999-11-28,11.4638,78.125
320,Devakottai,Sivagangai Devakottai IRAVUSERI,2019-11-21,9.96428,78.8024
321,Ilayangudi,Sivagangai Ilayankudi ILAYANKUDI NORTH,2019-11-21,9.62914,78.6174
322,PWD Travellers Bungalow,Sivagangai Kalaiyarkovil KAKULAM,2022-11-07,9.84679,78.6345
323,Karaikudi,Sivagangai Karaikudi SAKKOTTAI,2019-11-21,10.0756,78.7789
324,Manamadurai,Sivagangai Manamadurai SEIKALATHUR,2019-11-21,9.71422,78.4645
325,AEE(WRD) Office Singampunari,Sivagangai Singampunari SINGAMPUNARI NORTH,2022-11-07,10.1812,78.4309
326,Sivagangai,Sivagangai Sivagangai KOTTAGUDI,2019-12-07,9.8555,78.4872
327,Thiruppathur,Sivagangai Thirupattur THIRUPPATHUR,2019-11-21,10.1125,78.596
328,Thiruppuvanam,Sivagangai Thiruppuvanam THIRUPPUVANAM PUDUR,2019-11-21,9.77424,78.3022
329,Ayikudi,Tenkasi Kadayanallur AYIKUDI,1988-01-07,9.00053,77.2043
330,Karuppanadhi Dam section,Tenkasi Kadayanallur KRISHNAPURAM,2022-11-08,9.1463,77.3102
331,Sankarankovil,Tenkasi Sankarankovil SANKARANKOVIL,1964-12-10,9.16655,77.5365
332,Adavinainarkoil Dam,Tenkasi Shencottai Mekkarai,2022-11-08,9.0855,77.2306
333,Gundar dam,Tenkasi Shencottai Sengottai Keelur,2022-11-08,8.96988,77.2991
334,Shencottai,Tenkasi Shencottai Sengottai Town,1956-11-22,8.97552,77.2499
335,Sivagiri,Tenkasi Sivagiri VISWANATHAPERI - PART-1,1985-01-01,9.34648,77.4338
336,Ramanadhi Dam Section,Tenkasi Tenkasi Mela kadaiyam,2022-11-08,8.8463,77.3275
337,Gadana dam Section,Tenkasi Tenkasi Sivasailam,2022-11-08,8.7991,77.3105
338,Tenkasi,Tenkasi Tenkasi Tenkasi,1985-01-01,8.96477,77.3044
339,Budalur,Thanjavur Budalur BUDALUR,1983-02-01,10.7968,78.9769
340,Thirukkattupalli,Thanjavur Budalur THIRUKKATTUPALLI,1939-02-10,10.8483,78.9566
341,Grand Anaicut,Thanjavur Budalur THOGUR,1939-06-15,10.7622,79.1594
342,"Taluk Office, Kumbakonam",Thanjavur Kumbakonam KUMBAKONAM (PATTANAM),1979-04-09,10.9617,79.3881
343,Orathanad,Thanjavur Orathanad MUTHAMBALPURAM,1949-04-25,10.6286,79.2531
344,Neivasal Thenpathi,Thanjavur Orathanad NEIVASAL THENPATHI,1967-01-19,10.6756,79.2401
345,Ayyampettai,Thanjavur Papanasam AYYAMPETTAI,1983-02-01,10.8976,79.1981
346,Papanasam,Thanjavur Papanasam PAPANASAM,1983-01-25,10.9245,79.2729
347,Adirampatnam,Thanjavur Pattukottai ADIRAMPATTINAM,1984-02-01,10.3413,79.3796
348,Madukkur,Thanjavur Pattukottai MADUKKUR SOUTH,1947-08-02,10.4786,79.3976
349,Pattukkottai,Thanjavur Pattukottai NADIYAMMALPURAM,1985-05-01,10.4333,79.3167
350,Echanviduthi,Thanjavur Pattukottai SERUVAVIDUTHI NORTH,1984-01-02,10.3413,79.1929
351,Peravurani,Thanjavur Peravurani PERAVURANI - 1,1984-01-02,10.2837,79.2028
352,Kurungulam,Thanjavur Thanjavur KURUNKULAM WEST,1979-02-10,10.6527,79.101
353,Thanjavur,Thanjavur Thanjavur PUDUPATTINAM,1970-03-05,10.787,79.1378
354,Vallam,Thanjavur Thanjavur VALLAM NORTH,1970-03-10,10.714,79.0702
355,Thiruvaiyaru,Thanjavur Thiruvaiyaru MUGASA KALYANAPURAM,1970-03-17,10.8866,79.1167
356,Manjalaru,Thanjavur Thiruvidaimaruthur SATHANUR,1981-01-26,11.0096,79.5049
357,Thiruvidaimaruthur,Thanjavur Thiruvidaimaruthur THIRUVIDAIMARUTHUR,1979-01-10,10.9972,79.4524
358,Lower Anaicut,Thanjavur Thiruvidaimaruthur VINAYAKAN STREET,1994-03-18,11.143,79.4507
359,Vettikadu,Thanjavur Thiruvonam VETTIKADU,1949-04-25,10.5699,79.1929
360,Burliar,The Nilgiris Coonoor BURLIAR,2019-11-29,11.3428,76.8484
361,Coonoor,The Nilgiris Coonoor Conoor Town,2019-11-29,11.3442,76.7948
362,Adar estate,The Nilgiris Coonoor COONOOR RURAL,2020-02-27,11.3704,76.834
363,Billimalai Estate,The Nilgiris Coonoor HULICAL 1,2020-02-27,11.3663,76.8199
364,Ketti,The Nilgiris Coonoor KETTI 2,2019-11-29,11.3833,76.7666
365,Alakarai Estate,The Nilgiris Coonoor YEDAPALLY,2020-02-27,11.3686,76.8507
366,Devala,The Nilgiris Gudalur DEVALA 2,2019-11-29,11.4723,76.3815
367,Gudalur Bazaar,The Nilgiris Gudalur GUDALUR 1,2019-11-29,11.5046,76.4904
368,Upper Gudalur,The Nilgiris Gudalur GUDALUR 2,2020-02-27,11.503,76.4917
369,Barwood,The Nilgiris Gudalur OVALLEY 1,2020-02-27,11.4374,76.4874
370,Wood Braiyar Estate,The Nilgiris Gudalur PAdanthorai 1,2020-02-27,11.5391,76.4246
371,Harisan Malayalam Ltd. cherumulli,The Nilgiris Gudalur PADANTHORAI 2,2020-02-27,11.56,76.4337
372,Kil Kotagiri Estate,The Nilgiris Kotagiri DENAD-I,2020-02-27,11.4531,76.9351
373,Kodanad,The Nilgiris Kotagiri KODANAD,2019-11-29,11.5229,76.9083
374,Kotagiri,The Nilgiris Kotagiri KOTAGIRI -1,2019-11-29,11.4232,76.8636
375,Chamraj Estate,The Nilgiris Kundah balacola 2,2020-02-27,11.2981,76.6813
376,Avalanche,The Nilgiris Kundah ITHALAR 1,2019-11-29,11.3036,76.5799
377,Emerald,The Nilgiris Kundah ITHALAR 2,2019-11-29,11.3206,76.5799
378,Upperbhavani,The Nilgiris Kundah ITHALAR 2,2019-11-29,11.2257,76.5254
379,Kundah Bridge,The Nilgiris Kundah KIL KUNDAH 1,2019-11-29,11.2667,76.65
380,Geddai,The Nilgiris Kundah KIL-KUNDAH 2,2019-11-29,11.2504,76.6802
381,Kinnakorai,The Nilgiris Kundah KINNAKORAI,2019-11-29,11.2174,76.6636
382,Harisan Malayalam Ltd. Went worth Estate Cher,The Nilgiris Pandalur CHERANGODE-2,2020-02-27,11.5135,76.2825
383,Taluk Office Pandalur,The Nilgiris Pandalur NELLIYALAM 1,2020-02-27,11.4871,76.3412
384,Kallaty,The Nilgiris Udhagai HULLATHY,2019-11-29,11.4628,76.681
385,Shanthi vijaya School,The Nilgiris Udhagai MASINAGUDI,2020-02-27,11.56,76.64
386,Naduvattam,The Nilgiris Udhagai NADUVATTAM,2019-11-29,11.4806,76.5428
387,Glenmorgan,The Nilgiris Udhagai SHOLUR,2019-11-29,11.4727,76.6123
388,Udhagai,The Nilgiris Udhagai Udhagai Town(East),2010-01-01,11.4187,76.711
389,Aundipatti,Theni Aundipatti Andipatti Bit-I,2007-10-08,10.0003,77.608
390,Bodinayakanur,Theni Bodinayakanur Bodi(Town),1940-01-01,10.0205,77.3283
391,Vaigai Dam,Theni Periyakulam Melmangalam Bit -2,1958-01-01,10.0694,77.5294
392,Sothuparai,Theni Periyakulam Thengarai Bit-2,2001-11-01,10.1293,77.4659
393,Periyakulam,Theni Periyakulam Thenkarai Bit -1,1900-10-04,10.1249,77.5341
394,Manjalar,Theni Periyakulam Thevathanapatti Bit -1,1968-04-01,10.1911,77.6312
395,Aranmanipudhur,Theni Theni Koduvilarpatti,1977-12-31,9.99894,77.4839
396,Veerapandi,Theni Theni Veerapandi,1935-10-20,9.96408,77.4315
397,Gudalur,Theni Uthamapalayam Melagudalur -North,1941-07-20,9.66912,77.2358
398,Periyar,Theni Uthamapalayam Melagudalur-South,1941-01-01,9.6166,77.1833
399,Thekkadi,Theni Uthamapalayam Melagudalur-South,1941-01-01,9.59604,77.1728
400,Shanmuganadhi,Theni Uthamapalayam Rayappanpatti,2022-11-07,9.73539,77.3534
401,Uthamapalayam,Theni Uthamapalayam Uthamapalayam (South),1979-01-01,9.80532,77.3349
402,Kallakudi,Thiruchirappalli Lalgudi KALLAKUDI,1992-07-01,10.9796,78.9513
403,Nandhiyar Head,Thiruchirappalli Lalgudi NATHAMANGUDI,1980-07-01,10.8998,78.9438
404,Pullambadi,Thiruchirappalli Lalgudi PULLAMBADI(NORTH),1980-07-01,10.9282,78.7815
405,Lalgudi,Thiruchirappalli Lalgudi SIRUDAIYUR,1980-07-01,10.8805,78.8168
406,Ponnaniyar Dam,Thiruchirappalli Manapparai SEKKANAM,1974-07-01,10.6072,78.4214
407,Manapparai,Thiruchirappalli Manapparai SEVALUR,1998-07-01,10.608,78.4223
408,Vathalai Anaicut,Thiruchirappalli Mannachanallur KARIYAMANIKAM (WEST),1978-07-01,10.8934,78.5822
409,Samayapuram,Thiruchirappalli Mannachanallur S.KANNANUR(WEST),1981-07-01,10.9212,78.7385
410,Sirukudi,Thiruchirappalli Mannachanallur SIRUKUDI,2005-07-01,11.0382,78.6728
411,Devimangalam,Thiruchirappalli Mannachanallur THATHAMANGALAM,2005-07-01,10.9822,78.719
412,Marungapuri,Thiruchirappalli Marungapuri MARUNGAPURI,2006-07-01,10.4478,78.434
413,Kovilpatty,Thiruchirappalli Marungapuri THOTTIAPATTY,2005-07-01,10.523,78.4791
414,Musiri,Thiruchirappalli Musiri MUSIRI (KEL),1983-07-01,10.9461,78.4457
415,Pulivalam,Thiruchirappalli Musiri PULIVALAM,2004-07-01,11.0131,78.6373
416,Thathaiyagarpet,Thiruchirappalli Musiri THATHIENGARPATTAI,1983-07-01,10.9545,78.4444
417,Navalur kottapattu,Thiruchirappalli Srirangam NAVALURKOTTAPATTU,1980-07-01,10.7548,78.6017
418,Tiruchirappalli Junction,Thiruchirappalli Thiruchirapalli-west K ABHISHEKAPURAM,1981-07-01,10.7942,78.6854
419,Tiruchirappalli Town,Thiruchirappalli Thiruchirapalli-west K ABHISHEKAPURAM,1986-07-01,10.8074,78.6829
420,Thuvakudi,Thiruchirappalli Thiruverumbur THUVAKUDI,2010-09-27,10.7514,78.8297
421,Koppampatti,Thiruchirappalli Thuraiyur KOPPAMPATTI,2005-07-01,11.1699,78.624
422,Thenparanadu,Thiruchirappalli Thuraiyur THENPARANADU,2008-09-11,11.3066,78.5878
423,Thuraiyur,Thiruchirappalli Thuraiyur THURAIYUR,1971-07-01,11.1448,78.5941
424,Ponmalai (Golden rock),Thiruchirappalli Tiruchirappalli-east ALATHUR,1971-07-01,10.7865,78.7272
425,Tiruchirappalli Airport,Thiruchirappalli Tiruchirappalli-east KOTTAPATTU,1971-07-01,10.7616,78.7092
426,Kudavasal,Thiruvarur Kudavasal Kudavasal,1934-01-01,10.8589,79.4788
427,Mannargudi,Thiruvarur Mannargudi Mannargudi,1971-05-22,10.6693,79.4464
428,"Sub Registrar Office, Muthupettai",Thiruvarur Muthupettai Muthupettai,1924-09-10,10.4108,79.495
429,"Taluk Office, Nannilam",Thiruvarur Nannilam Nallamaangudi,1960-01-01,10.5253,79.3634
430,Pandavaiyaru,Thiruvarur Needamangalam KALATHUR,1997-01-01,10.7539,79.4987
431,Needamangalam,Thiruvarur Needamangalam Palaiya Nedamangalam,1982-02-11,10.7737,79.4169
432,"Taluk Office, Thiruthuraipoondi",Thiruvarur Thiruthuraipoondi Thiruthuraipoondi,1924-09-10,10.5752,79.6033
433,"Taluk Office , Tiruvarur",Thiruvarur Thiruvarur Vijayapuram,1997-01-01,10.7666,79.6284
434,Valangaiman,Thiruvarur Valangaiman Valangaiman,1914-01-01,10.8894,79.3929
435,Ettayapuram,Thoothukudi Ettayapuram ETTAIYAPURAM,1967-12-15,9.15062,77.9823
436,Kadambur,Thoothukudi Kayathar KADAMBUR,1967-12-15,8.9966,77.8603
437,Kayathar,Thoothukudi Kayathar KAYATHAR,1966-07-21,8.947,77.7738
438,Kalugumalai,Thoothukudi Kovilpatty KALUGUMALAI,1967-12-15,9.14726,77.7042
439,Kovilpatti,Thoothukudi Kovilpatty KOVILPATTI,1967-12-15,9.1744,77.8747
440,Keelarasadi,Thoothukudi Ottapidaram KEELAARASADI,1984-07-10,8.85863,78.1459
441,Maniyachi,Thoothukudi Ottapidaram MANIYACHI,1967-12-15,8.90491,78.0228
442,Ottapadiram,Thoothukudi Ottapidaram OTTAPIDARAM,1989-06-15,8.9158,78.021
443,VEDANATHAM,Thoothukudi Ottapidaram VEDANATHAM,1984-12-15,8.97205,78.1469
444,Sathankulam,Thoothukudi Sattankulam SATTANKULAM,1981-11-12,8.44249,77.9096
445,"Old Taluk Office, Srivaikuntam",Thoothukudi Srivaikundam SRIVAIKUNTAM,1974-01-22,8.3745,77.5444
446,TUTICORIN,Thoothukudi Thoothukudi Mullakkadu part-1,1974-01-22,8.75094,78.1888
447,Kayalpattinam,Thoothukudi Tiruchendur KAYALPATTANAM SOUTH,1964-08-24,8.5684,78.1199
448,TIRUCHENDUR,Thoothukudi Tiruchendur KEELA TIRUCHENDUR,1914-03-19,8.499,78.1255
449,Kulasekarapattinam,Thoothukudi Tiruchendur KULASEKARAPATTANAM,1901-07-05,8.4,78.0523
450,Kadalkudi,Thoothukudi Vilathikulam KADALKUDI,1994-01-10,9.2084,78.2428
451,Surankudi,Thoothukudi Vilathikulam SOORANGUDI,1989-08-24,9.1051,78.3198
452,VAIPPAR,Thoothukudi Vilathikulam VAIPPAR-I,1989-08-24,9.135,78.1453
453,VILATHIKULAM,Thoothukudi Vilathikulam VILATHIKULAM,1960-04-11,9.1302,78.1681
454,Kannadian Anicut,Tirunelveli Ambasamudram Kallidaikurichi Vadakku,2022-11-07,8.68538,77.4397
455,Ambasamudram,Tirunelveli Ambasamudram Mela ambasamudram,1962-08-02,8.70336,77.457
456,Kakkachi,Tirunelveli Ambasamudram Singampatti Jamin - 2,2022-11-07,8.55858,77.3891
457,Manimutharu,Tirunelveli Ambasamudram Singampatti Jamin - 2,1958-01-03,8.65583,77.4136
458,Manjolai,Tirunelveli Ambasamudram Singampatti Jamin - 2,2022-11-07,8.56951,77.4076
459,Nalumukku,Tirunelveli Ambasamudram Singampatti Jamin - 2,2022-11-07,8.55312,77.3616
460,Oothu,Tirunelveli Ambasamudram Singampatti Jamin - 2,2022-11-07,8.57525,77.3394
461,Papanasam,Tirunelveli Ambasamudram vickiramasingapuram - 2,1944-01-09,8.65125,77.3113
462,Servalar Dam,Tirunelveli Ambasamudram vickiramasingapuram - 2,2022-11-07,8.68783,77.3038
463,Cheranmahadevi,Tirunelveli Cheranmahadevi Cherankovilpathu,1989-01-07,8.68972,77.5625
464,Nanguneri,Tirunelveli Nanguneri MARUKALKURICHI,1933-06-07,8.49547,77.6464
465,Moolaikaraipatti,Tirunelveli Nanguneri MUNANGIPATTI,2022-11-07,8.53852,77.7654
466,Kalakadu,Tirunelveli Nanguneri PADALAIYAR KULAM,2022-11-07,8.51376,77.558
467,Kodumudiyaru Dam,Tirunelveli Nanguneri THIRUGURANKUDI PART-1,2022-11-07,8.42644,77.5273
468,Palayamkottai,Tirunelveli Palayamkottai KEELAVEERARAGAVAPURAM,1995-01-20,8.726,77.7155
469,Radhapuram,Tirunelveli Radhapuram RADHAPURAM,1988-08-19,8.27228,77.687
470,Nambiyar Dam,Tirunelveli Thisayanvilai KOTTAIKARUNGULAM PART-1,2022-11-07,8.37092,77.7386
471,Tirunelveli,Tirunelveli Tirunelveli TIRUNELVELI,1988-09-19,8.72776,77.6951
472,Ambur,Tirupathur Ambur Ambur,2019-01-22,12.7841,78.7217
473,"ACS Mill, Vadapudupattu",Tirupathur Ambur Vadapuduputtu,1982-07-01,12.8236,78.7689
474,TCS Mill Kethandapatti,Tirupathur Natrampalli Kethandapatti,1977-11-15,12.6129,78.5585
475,"PWD IB, Natrampalli",Tirupathur Natrampalli Natrampalli,2006-07-01,12.5913,78.5123
476,"Taluk Office, Tirupathur",Tirupathur Tirupattur Tiruppattur Town,1980-01-01,12.493,78.566
477,Alangayam,Tirupathur Vaniyambadi Alangayam,1980-01-01,12.6243,78.7531
478,Vaniyambadi,Tirupathur Vaniyambadi Vaniyambadi Urban,1980-01-01,12.6872,78.6186
479,Avinashi,Tiruppur Avinashi AVINASHI,2009-01-01,11.2,77.2833
480,Dharapuram,Tiruppur Dharapuram CHITARAVITHANPALAYAM,1950-01-01,10.7333,77.5333
481,Uppar dam,Tiruppur Dharapuram KETHALREV,2022-11-07,10.7775,77.4228
482,Kundadam,Tiruppur Dharapuram KUNDADAM,2019-02-01,10.8341,77.5293
483,moolanur,Tiruppur Dharapuram MOOLANUR,1983-01-01,10.7833,77.7
484,Nallathangal Odai Reservoir,Tiruppur Dharapuram PONNIVADI,2022-11-07,10.6932,77.5947
485,Kangeyam,Tiruppur Kangeyam KANGEYAM,1980-01-01,11.0,77.5667
486,Vattamalai Karai Odai Reservoir,Tiruppur Kangeyam UTHAMA PALAYAM,2022-11-07,10.901,77.6726
487,Vellakoil,Tiruppur Kangeyam VELLAKOIL,2019-02-01,10.9543,77.6874
488,Madathukulam,Tiruppur Madathukkulam SARKAR KANNADI PUTHUR,2019-02-01,10.5559,77.366
489,Palladam,Tiruppur Palladam NARANAPURAM,1996-01-01,10.9942,77.2844
490,"PWD IB,(Collector Camp Office)",Tiruppur Tiruppur north THOTTIPALAYAM,2021-09-03,11.1227,77.304
491,Tiruppur North Taluk Office,Tiruppur Tiruppur north THOTTIPALAYAM,1989-12-15,11.1085,77.341
492,District Collector Office,Tiruppur Tiruppur south VEERAPANDI,2019-02-01,11.0825,77.342
493,Tiruppur South Taluk Office,Tiruppur Tiruppur south VEERAPANDI,2019-02-01,11.0842,77.3809
494,Amaravathy Dam,Tiruppur Udumalpet ANDIKONDANUR 1,1958-01-01,10.4183,77.2635
495,Udumalpet,Tiruppur Udumalpet KANAKAMPALAYAM,1981-01-01,10.5841,77.2452
496,Thirumoorthi Dam,"Tiruppur Udumalpet THALI 1 - 2, THIRUMURTHY NAGAR",1964-01-01,10.4752,77.1543
497,Thirumoorthy IB,"Tiruppur Udumalpet THALI 1 - 2, THIRUMURTHY NAGAR",2019-02-01,10.473,77.1483
498,Uthukuli,Tiruppur Uthukkuli PUNJAI UOOTTHUKKULI,2019-02-01,11.1644,77.4349
499,Avadi,Tiruvallur Avadi Thandurai,2021-11-13,13.123,80.075
500,Gummidipoondi,Tiruvallur Gummidipoondi Pethikuppam,1967-01-01,13.4262,80.1151
501,Pallipattu,Tiruvallur Pallipattu Veliagaram,2003-01-01,13.33,79.43
502,Cholavaram,Tiruvallur Ponneri Nallur,1960-01-01,13.2181,80.1536
503,Redhills,Tiruvallur Ponneri Naravarikuppam,1960-01-01,13.1884,80.1867
504,Ponneri,Tiruvallur Ponneri Ponneri 2,1967-01-01,13.33,80.195
505,Jamine Koratur,Tiruvallur Poonamallee Korattur(A),1990-01-01,13.0903,80.0107
506,Poonamallee,Tiruvallur Poonamallee Poonamallee,2009-01-01,13.0472,80.0945
507,R.K.Pet,Tiruvallur R.k. pettai Vilakanampoodi,2011-01-01,13.1644,79.438
508,Tiruttani,Tiruvallur Tiruttani Pattabiramapuram,2011-01-01,13.187,79.613
509,Thiruvalangadu,Tiruvallur Tiruttani Thiruvalangadu,1982-01-01,13.1317,79.7804
510,Poondi,Tiruvallur Tiruvallur Poondi,1967-01-01,13.2085,79.876
511,Thamaraipakkam,Tiruvallur Tiruvallur Thamaraipakkam,1960-01-01,13.2291,80.0258
512,Tiruvallur,Tiruvallur Tiruvallur Tiruvallur,1967-01-01,13.25,80.0
513,Uthukottai,Tiruvallur Uthukottai Uthukottai,1999-01-01,13.33,79.89
514,"Taluk Office, Arani",Tiruvannamalai Arni ARNI WEST,1889-01-01,12.7053,79.2489
515,"Taluk Office, Chengam",Tiruvannamalai Chengam CHENGAM,2008-06-01,12.3408,78.4567
516,Chetpet,Tiruvannamalai Chetpet CHETPET,2017-06-01,12.4655,79.3498
517,Cheyyar,Tiruvannamalai Cheyyar KODANAGAR,1989-06-01,12.667,79.5402
518,Jamunamarathur,Tiruvannamalai Jamunamarathoor KOVILUR,2019-10-12,12.6032,78.8904
519,Kalasapakkam,Tiruvannamalai Kalasapakkam KALASAPPAKKAM,2016-08-01,12.4325,79.1035
520,Kilpennathur,Tiruvannamalai Kilpennathur KIZHPENNATHUR,2018-06-01,12.2506,79.2182
521,Polur,Tiruvannamalai Polur POLUR,1990-06-01,12.5084,79.1226
522,Thandrampattu,Tiruvannamalai Thandrampet THANDARAMPATTU,2017-05-17,12.15,78.94
523,Tiruvannamalai,Tiruvannamalai Tiruvannamalai THIRUVANNAMALAI,2014-06-01,12.2344,79.0762
524,Vandavasi,Tiruvannamalai Vandavasi VANDAVASI,1990-01-01,12.5,79.6
525,Vembakkam,Tiruvannamalai Vembakkam VEMBAKKAM,2017-12-28,12.7862,79.5982
526,Gudiyatham,Vellore Gudiyatham Gudiyattam Town,1980-01-01,12.9457,78.8739
527,Melalathur,Vellore Gudiyatham Melalathur,2005-01-01,12.9123,78.8769
528,VCS Mill Ammundi,Vellore Katpadi Ammundi,1990-07-01,12.977,79.2407
529,Katpadi,Vellore Katpadi Katpadi,1980-01-01,12.9724,79.1388
530,Ponnai Dam,Vellore Katpadi Ponnai,1960-01-01,13.125,79.255
531,Vellore,Vellore Vellore Sathuvachari,1900-01-01,12.9362,79.1502
532,RSCL-3 Anandhapuram,Villupuram Gingee ANANDHAPURAM,2018-10-18,12.1187,79.3697
533,Gingee,Villupuram Gingee GINGEE,2011-01-01,12.25,79.4333
534,RSCL-3 Semmedu,Villupuram Gingee SEMMEDU,2018-10-18,12.2521,79.2857
535,RSCL-3 Vallam,Villupuram Gingee VALLAM,2018-10-18,12.2454,79.515
536,BASL Manampoondi,Villupuram Kandachipuram MANAMPOONDI,2018-10-18,11.9834,79.21
537,BASL Mugaiyur,Villupuram Kandachipuram MUGAIYUR,2018-10-18,11.9767,79.3036
538,Marakkanam,Villupuram Marakkanam MARAKANAM SOUTH,2011-01-01,12.1833,79.9
539,RSCL-3 Avalurpettai,Villupuram Melmalaiyanur AVALURPETTAI,2018-10-18,12.3387,79.2439
540,RSCL-3 Valathy,Villupuram Melmalaiyanur VALATHI,2018-10-18,12.3461,79.3737
541,SCS MILL Arasoor,Villupuram Thiruvennainallur ARASUR,2018-10-18,11.8292,79.4271
542,SCS MILL Thiruvennainallur,Villupuram Thiruvennainallur THIRUVENNAINALLUR (N),2018-10-18,11.8589,79.3658
543,TINDIVANAM,Villupuram Tindivanam TINDIVANAM,2011-01-01,12.25,79.65
544,VANUR,Villupuram Vanur VANUR,2011-11-01,12.0333,79.75
545,RSCL-2 Kanjanur,Villupuram Vikkiravandi KANCHANUR,2018-10-18,12.0595,79.4498
546,RSCL-2 Mundiyampakkam,Villupuram Vikkiravandi MUNDIYAMPAKKAM,2018-10-18,11.9989,79.5179
547,RSCL-2 Nemoor,Villupuram Vikkiravandi NEMUR,2018-10-18,12.0971,79.4546
548,RSCL-2 Soorapattu,Villupuram Vikkiravandi SOORAPPATTU,2018-10-18,12.0065,79.4328
549,RSCL-2 Kedar,Villupuram Villupuram KEDAR,2018-10-18,12.0067,79.4059
550,RSCL-2 Koliyanur,Villupuram Villupuram KOLIYANUR,2018-10-18,11.9271,79.5502
551,RSCL-2 Valavanur,Villupuram Villupuram VALAVANUR,2018-10-18,11.9211,79.579
552,VILUPPURAM,Villupuram Villupuram VILUPURAM,2011-01-01,11.9333,79.5
553,Aruppukottai,Virudhunagar Aruppukottai ARUPPUKOTTAI,1955-09-12,9.50253,78.0963
554,Kovilankulam,Virudhunagar Aruppukottai KOVILANKULAM,1981-11-09,9.51052,78.0958
555,Kariyapatti,Virudhunagar Kariyapatti KATTUKUTHAGAI KARISALKULAM,1982-07-10,9.66951,78.101
556,Rajapalayam,Virudhunagar Rajapalayam Sammandhapuram,1980-03-18,9.45935,77.5453
557,Sattur,Virudhunagar Sattur Sattur,1893-11-07,9.352,77.9201
558,Sivakasi RDO office,Virudhunagar Sivakasi Anaiyur,1982-07-15,9.46282,77.7779
559,"Taluk Office, Srivilliputhur",Virudhunagar Srivlliputhur Srivilliputtur,1976-11-10,9.50373,77.6359
560,Tiruchuli,Virudhunagar Tiruchuli TIRUCHULI,1980-07-07,9.53761,78.2023
561,Vembakottai Dam,Virudhunagar Vembakkottai Kundayiruppu,1999-01-01,9.33307,77.7695
562,Virudhunagar,Virudhunagar Virudhunagar CHINNAMUPANPATTI,1980-03-10,9.60025,77.9529
563,Periyar Dam,Virudhunagar Watrap S.Kodikulam,1973-07-10,9.6383,77.5232
564,Watrap,Virudhunagar Watrap Watrap,1973-05-10,9.6365,77.6399
